-- PRAGMA foreign_keys=OFF;
START TRANSACTION;
CREATE TABLE IF NOT EXISTS "django_migrations" ("id" integer NOT NULL PRIMARY KEY AUTOINCREMENT, "app" varchar(255) NOT NULL, "name" varchar(255) NOT NULL, "applied" datetime NOT NULL);
INSERT INTO django_migrations VALUES(1,'contenttypes','0001_initial','2024-03-15 17:49:26.755890');
INSERT INTO django_migrations VALUES(2,'auth','0001_initial','2024-03-15 17:49:26.804180');
INSERT INTO django_migrations VALUES(3,'admin','0001_initial','2024-03-15 17:49:26.842874');
INSERT INTO django_migrations VALUES(4,'admin','0002_logentry_remove_auto_add','2024-03-15 17:49:26.874318');
INSERT INTO django_migrations VALUES(5,'admin','0003_logentry_add_action_flag_choices','2024-03-15 17:49:26.910951');
INSERT INTO django_migrations VALUES(6,'contenttypes','0002_remove_content_type_name','2024-03-15 17:49:26.951564');
INSERT INTO django_migrations VALUES(7,'auth','0002_alter_permission_name_max_length','2024-03-15 17:49:27.001851');
INSERT INTO django_migrations VALUES(8,'auth','0003_alter_user_email_max_length','2024-03-15 17:49:27.035236');
INSERT INTO django_migrations VALUES(9,'auth','0004_alter_user_username_opts','2024-03-15 17:49:27.068465');
INSERT INTO django_migrations VALUES(10,'auth','0005_alter_user_last_login_null','2024-03-15 17:49:27.138816');
INSERT INTO django_migrations VALUES(11,'auth','0006_require_contenttypes_0002','2024-03-15 17:49:27.167814');
INSERT INTO django_migrations VALUES(12,'auth','0007_alter_validators_add_error_messages','2024-03-15 17:49:27.185269');
INSERT INTO django_migrations VALUES(13,'auth','0008_alter_user_username_max_length','2024-03-15 17:49:27.235316');
INSERT INTO django_migrations VALUES(14,'auth','0009_alter_user_last_name_max_length','2024-03-15 17:49:27.268182');
INSERT INTO django_migrations VALUES(15,'auth','0010_alter_group_name_max_length','2024-03-15 17:49:27.335210');
INSERT INTO django_migrations VALUES(16,'auth','0011_update_proxy_permissions','2024-03-15 17:49:27.352844');
INSERT INTO django_migrations VALUES(17,'auth','0012_alter_user_first_name_max_length','2024-03-15 17:49:27.385033');
INSERT INTO django_migrations VALUES(18,'sessions','0001_initial','2024-03-15 17:49:27.436115');
INSERT INTO django_migrations VALUES(19,'siteweb','0001_initial','2024-03-15 22:40:19.924272');
INSERT INTO django_migrations VALUES(20,'siteweb','0002_criancaespecial_endere├ºo_criancaespecial_responsavel_and_more','2024-03-26 22:57:27.293350');
INSERT INTO django_migrations VALUES(21,'siteweb','0003_criancaespecial_email','2024-04-10 03:04:56.328105');
INSERT INTO django_migrations VALUES(22,'siteweb','0004_missao','2024-05-15 15:47:58.744692');
INSERT INTO django_migrations VALUES(23,'siteweb','0005_alter_missao_imagem','2024-05-15 18:16:47.696783');
INSERT INTO django_migrations VALUES(24,'siteweb','0006_valorimage_alter_missao_imagem','2024-05-17 22:37:59.449129');
INSERT INTO django_migrations VALUES(25,'siteweb','0007_contato','2024-05-19 17:41:40.445274');
INSERT INTO django_migrations VALUES(26,'siteweb','0008_contato_observacoes','2024-05-19 18:25:18.140906');
CREATE TABLE IF NOT EXISTS "auth_group_permissions" ("id" integer NOT NULL PRIMARY KEY AUTOINCREMENT, "group_id" integer NOT NULL REFERENCES "auth_group" ("id") DEFERRABLE INITIALLY DEFERRED, "permission_id" integer NOT NULL REFERENCES "auth_permission" ("id") DEFERRABLE INITIALLY DEFERRED);
CREATE TABLE IF NOT EXISTS "auth_user_groups" ("id" integer NOT NULL PRIMARY KEY AUTOINCREMENT, "user_id" integer NOT NULL REFERENCES "auth_user" ("id") DEFERRABLE INITIALLY DEFERRED, "group_id" integer NOT NULL REFERENCES "auth_group" ("id") DEFERRABLE INITIALLY DEFERRED);
CREATE TABLE IF NOT EXISTS "auth_user_user_permissions" ("id" integer NOT NULL PRIMARY KEY AUTOINCREMENT, "user_id" integer NOT NULL REFERENCES "auth_user" ("id") DEFERRABLE INITIALLY DEFERRED, "permission_id" integer NOT NULL REFERENCES "auth_permission" ("id") DEFERRABLE INITIALLY DEFERRED);
CREATE TABLE IF NOT EXISTS "django_admin_log" ("id" integer NOT NULL PRIMARY KEY AUTOINCREMENT, "object_id" text NULL, "object_repr" varchar(200) NOT NULL, "action_flag" smallint unsigned NOT NULL CHECK ("action_flag" >= 0), "change_message" text NOT NULL, "content_type_id" integer NULL REFERENCES "django_content_type" ("id") DEFERRABLE INITIALLY DEFERRED, "user_id" integer NOT NULL REFERENCES "auth_user" ("id") DEFERRABLE INITIALLY DEFERRED, "action_time" datetime NOT NULL);
INSERT INTO django_admin_log VALUES(1,'1','Missao object (1)',1,'[{"added": {}}]',8,1,'2024-05-15 16:03:33.255685');
INSERT INTO django_admin_log VALUES(2,'1','Missao object (1)',2,'[]',8,1,'2024-05-15 16:03:44.370118');
INSERT INTO django_admin_log VALUES(3,'2','Missao object (2)',1,'[{"added": {}}]',8,1,'2024-05-15 16:04:54.101189');
INSERT INTO django_admin_log VALUES(4,'2','Missao object (2)',2,'[{"changed": {"fields": ["Imagem"]}}]',8,1,'2024-05-15 18:19:07.637433');
INSERT INTO django_admin_log VALUES(5,'1','Missao object (1)',2,'[{"changed": {"fields": ["Imagem"]}}]',8,1,'2024-05-15 18:19:23.386875');
INSERT INTO django_admin_log VALUES(6,'3','Missao object (3)',1,'[{"added": {}}]',8,1,'2024-05-15 20:53:38.084080');
INSERT INTO django_admin_log VALUES(7,'3','Missao object (3)',3,'',8,1,'2024-05-15 20:55:00.471425');
INSERT INTO django_admin_log VALUES(8,'3','Marcela',3,'',4,1,'2024-05-15 21:11:20.693247');
INSERT INTO django_admin_log VALUES(9,'2','Marcelo',3,'',4,1,'2024-05-15 21:11:35.954129');
INSERT INTO django_admin_log VALUES(10,'2','Missao object (2)',2,'[{"changed": {"fields": ["Imagem"]}}]',8,1,'2024-05-17 22:38:45.908204');
INSERT INTO django_admin_log VALUES(11,'1','Missao object (1)',2,'[{"changed": {"fields": ["Imagem"]}}]',8,1,'2024-05-17 22:38:59.874710');
INSERT INTO django_admin_log VALUES(12,'1','ValorImage object (1)',1,'[{"added": {}}]',9,1,'2024-05-17 22:42:00.974035');
INSERT INTO django_admin_log VALUES(13,'2','ValorImage object (2)',1,'[{"added": {}}]',9,1,'2024-05-17 22:42:07.155466');
INSERT INTO django_admin_log VALUES(14,'3','ValorImage object (3)',1,'[{"added": {}}]',9,1,'2024-05-17 22:42:15.014693');
INSERT INTO django_admin_log VALUES(15,'4','ValorImage object (4)',1,'[{"added": {}}]',9,1,'2024-05-17 22:42:20.399128');
INSERT INTO django_admin_log VALUES(16,'1','ValorImage object (1)',2,'[{"changed": {"fields": ["Imagem"]}}]',9,1,'2024-05-17 23:03:42.189081');
INSERT INTO django_admin_log VALUES(17,'2','ValorImage object (2)',2,'[{"changed": {"fields": ["Imagem"]}}]',9,1,'2024-05-17 23:03:48.313358');
INSERT INTO django_admin_log VALUES(18,'3','ValorImage object (3)',2,'[{"changed": {"fields": ["Imagem"]}}]',9,1,'2024-05-17 23:03:55.487512');
INSERT INTO django_admin_log VALUES(19,'1','Mauricio Dias da Silva',3,'',7,1,'2024-05-19 17:52:27.388070');
INSERT INTO django_admin_log VALUES(20,'3','Mauricio Dias da Silva',3,'',7,1,'2024-05-19 17:52:30.838298');
INSERT INTO django_admin_log VALUES(21,'2','Mauricio Dias da Silva',3,'',7,1,'2024-05-19 17:52:34.137777');
INSERT INTO django_admin_log VALUES(22,'1','Contato object (1)',1,'[{"added": {}}]',10,1,'2024-05-19 18:00:51.928336');
INSERT INTO django_admin_log VALUES(23,'1','Contato object (1)',3,'',10,1,'2024-05-19 18:01:01.697962');
INSERT INTO django_admin_log VALUES(24,'5','Maria',3,'',4,1,'2024-05-19 18:02:47.686249');
INSERT INTO django_admin_log VALUES(25,'6','Marcela',3,'',4,1,'2024-05-19 18:52:07.520114');
INSERT INTO django_admin_log VALUES(26,'4','Marcelo',3,'',4,1,'2024-05-19 18:52:18.097102');
INSERT INTO django_admin_log VALUES(27,'1','ValorImage object (1)',2,'[{"changed": {"fields": ["Imagem"]}}]',9,1,'2024-05-19 20:25:46.607088');
INSERT INTO django_admin_log VALUES(28,'2','ValorImage object (2)',2,'[{"changed": {"fields": ["Imagem"]}}]',9,1,'2024-05-19 20:26:01.906625');
INSERT INTO django_admin_log VALUES(29,'4','ValorImage object (4)',2,'[{"changed": {"fields": ["Imagem"]}}]',9,1,'2024-05-19 20:26:27.449226');
INSERT INTO django_admin_log VALUES(30,'3','ValorImage object (3)',2,'[{"changed": {"fields": ["Imagem"]}}]',9,1,'2024-05-19 20:43:56.028185');
INSERT INTO django_admin_log VALUES(31,'1','ValorImage object (1)',2,'[]',9,1,'2024-05-19 20:46:27.902573');
INSERT INTO django_admin_log VALUES(32,'1','ValorImage object (1)',2,'[]',9,1,'2024-05-19 20:46:30.946132');
INSERT INTO django_admin_log VALUES(33,'1','ValorImage object (1)',2,'[]',9,1,'2024-05-19 20:46:32.204509');
INSERT INTO django_admin_log VALUES(34,'3','ValorImage object (3)',2,'[{"changed": {"fields": ["Imagem"]}}]',9,1,'2024-05-19 20:48:16.327274');
INSERT INTO django_admin_log VALUES(35,'3','Missao object (3)',1,'[{"added": {}}]',8,1,'2024-05-19 20:58:14.024903');
INSERT INTO django_admin_log VALUES(36,'3','Missao object (3)',3,'',8,1,'2024-05-19 20:59:14.949115');
INSERT INTO django_admin_log VALUES(37,'1','ValorImage object (1)',2,'[{"changed": {"fields": ["Imagem"]}}]',9,1,'2024-05-23 04:13:30.602093');
INSERT INTO django_admin_log VALUES(38,'2','ValorImage object (2)',2,'[{"changed": {"fields": ["Imagem"]}}]',9,1,'2024-05-23 04:14:30.183728');
INSERT INTO django_admin_log VALUES(39,'3','ValorImage object (3)',2,'[{"changed": {"fields": ["Imagem"]}}]',9,1,'2024-05-23 04:15:01.855091');
INSERT INTO django_admin_log VALUES(40,'4','ValorImage object (4)',2,'[{"changed": {"fields": ["Imagem"]}}]',9,1,'2024-05-23 04:15:30.348341');
INSERT INTO django_admin_log VALUES(41,'1','Missao object (1)',2,'[{"changed": {"fields": ["Imagem"]}}]',8,1,'2024-05-23 04:16:18.397239');
INSERT INTO django_admin_log VALUES(42,'2','Missao object (2)',2,'[{"changed": {"fields": ["Imagem"]}}]',8,1,'2024-05-23 04:16:36.230217');
INSERT INTO django_admin_log VALUES(43,'1','Missao object (1)',2,'[{"changed": {"fields": ["Imagem"]}}]',8,1,'2024-05-23 04:19:46.056542');
INSERT INTO django_admin_log VALUES(44,'2','Missao object (2)',2,'[{"changed": {"fields": ["Imagem"]}}]',8,1,'2024-05-23 04:19:57.245928');
INSERT INTO django_admin_log VALUES(45,'1','Missao object (1)',2,'[{"changed": {"fields": ["Imagem"]}}]',8,1,'2024-05-23 04:25:26.498963');
INSERT INTO django_admin_log VALUES(46,'2','Missao object (2)',2,'[{"changed": {"fields": ["Imagem"]}}]',8,1,'2024-05-23 04:25:33.058725');
INSERT INTO django_admin_log VALUES(47,'4','Missao object (4)',1,'[{"added": {}}]',8,1,'2024-05-24 20:37:27.142050');
INSERT INTO django_admin_log VALUES(48,'5','ValorImage object (5)',1,'[{"added": {}}]',9,1,'2024-05-24 20:37:43.218670');
CREATE TABLE IF NOT EXISTS "django_content_type" ("id" integer NOT NULL PRIMARY KEY AUTOINCREMENT, "app_label" varchar(100) NOT NULL, "model" varchar(100) NOT NULL);
INSERT INTO django_content_type VALUES(1,'admin','logentry');
INSERT INTO django_content_type VALUES(2,'auth','permission');
INSERT INTO django_content_type VALUES(3,'auth','group');
INSERT INTO django_content_type VALUES(4,'auth','user');
INSERT INTO django_content_type VALUES(5,'contenttypes','contenttype');
INSERT INTO django_content_type VALUES(6,'sessions','session');
INSERT INTO django_content_type VALUES(7,'siteweb','criancaespecial');
INSERT INTO django_content_type VALUES(8,'siteweb','missao');
INSERT INTO django_content_type VALUES(9,'siteweb','valorimage');
INSERT INTO django_content_type VALUES(10,'siteweb','contato');
CREATE TABLE IF NOT EXISTS "auth_permission" ("id" integer NOT NULL PRIMARY KEY AUTOINCREMENT, "content_type_id" integer NOT NULL REFERENCES "django_content_type" ("id") DEFERRABLE INITIALLY DEFERRED, "codename" varchar(100) NOT NULL, "name" varchar(255) NOT NULL);
INSERT INTO auth_permission VALUES(1,1,'add_logentry','Can add log entry');
INSERT INTO auth_permission VALUES(2,1,'change_logentry','Can change log entry');
INSERT INTO auth_permission VALUES(3,1,'delete_logentry','Can delete log entry');
INSERT INTO auth_permission VALUES(4,1,'view_logentry','Can view log entry');
INSERT INTO auth_permission VALUES(5,2,'add_permission','Can add permission');
INSERT INTO auth_permission VALUES(6,2,'change_permission','Can change permission');
INSERT INTO auth_permission VALUES(7,2,'delete_permission','Can delete permission');
INSERT INTO auth_permission VALUES(8,2,'view_permission','Can view permission');
INSERT INTO auth_permission VALUES(9,3,'add_group','Can add group');
INSERT INTO auth_permission VALUES(10,3,'change_group','Can change group');
INSERT INTO auth_permission VALUES(11,3,'delete_group','Can delete group');
INSERT INTO auth_permission VALUES(12,3,'view_group','Can view group');
INSERT INTO auth_permission VALUES(13,4,'add_user','Can add user');
INSERT INTO auth_permission VALUES(14,4,'change_user','Can change user');
INSERT INTO auth_permission VALUES(15,4,'delete_user','Can delete user');
INSERT INTO auth_permission VALUES(16,4,'view_user','Can view user');
INSERT INTO auth_permission VALUES(17,5,'add_contenttype','Can add content type');
INSERT INTO auth_permission VALUES(18,5,'change_contenttype','Can change content type');
INSERT INTO auth_permission VALUES(19,5,'delete_contenttype','Can delete content type');
INSERT INTO auth_permission VALUES(20,5,'view_contenttype','Can view content type');
INSERT INTO auth_permission VALUES(21,6,'add_session','Can add session');
INSERT INTO auth_permission VALUES(22,6,'change_session','Can change session');
INSERT INTO auth_permission VALUES(23,6,'delete_session','Can delete session');
INSERT INTO auth_permission VALUES(24,6,'view_session','Can view session');
INSERT INTO auth_permission VALUES(25,7,'add_criancaespecial','Can add crianca especial');
INSERT INTO auth_permission VALUES(26,7,'change_criancaespecial','Can change crianca especial');
INSERT INTO auth_permission VALUES(27,7,'delete_criancaespecial','Can delete crianca especial');
INSERT INTO auth_permission VALUES(28,7,'view_criancaespecial','Can view crianca especial');
INSERT INTO auth_permission VALUES(29,8,'add_missao','Can add missao');
INSERT INTO auth_permission VALUES(30,8,'change_missao','Can change missao');
INSERT INTO auth_permission VALUES(31,8,'delete_missao','Can delete missao');
INSERT INTO auth_permission VALUES(32,8,'view_missao','Can view missao');
INSERT INTO auth_permission VALUES(33,9,'add_valorimage','Can add valor image');
INSERT INTO auth_permission VALUES(34,9,'change_valorimage','Can change valor image');
INSERT INTO auth_permission VALUES(35,9,'delete_valorimage','Can delete valor image');
INSERT INTO auth_permission VALUES(36,9,'view_valorimage','Can view valor image');
INSERT INTO auth_permission VALUES(37,10,'add_contato','Can add contato');
INSERT INTO auth_permission VALUES(38,10,'change_contato','Can change contato');
INSERT INTO auth_permission VALUES(39,10,'delete_contato','Can delete contato');
INSERT INTO auth_permission VALUES(40,10,'view_contato','Can view contato');
CREATE TABLE IF NOT EXISTS "auth_group" ("id" integer NOT NULL PRIMARY KEY AUTOINCREMENT, "name" varchar(150) NOT NULL UNIQUE);
CREATE TABLE IF NOT EXISTS "auth_user" ("id" integer NOT NULL PRIMARY KEY AUTOINCREMENT, "password" varchar(128) NOT NULL, "last_login" datetime NULL, "is_superuser" bool NOT NULL, "username" varchar(150) NOT NULL UNIQUE, "last_name" varchar(150) NOT NULL, "email" varchar(254) NOT NULL, "is_staff" bool NOT NULL, "is_active" bool NOT NULL, "date_joined" datetime NOT NULL, "first_name" varchar(150) NOT NULL);
INSERT INTO auth_user VALUES(1,'pbkdf2_sha256$600000$MDfh9yGdYZK8YlvsXEbU3S$8q68N9T+waFKtroC0Hb8craFadcXFew3hmehG58iiZY=','2024-05-26 03:23:58.200626',1,'Mauricio','','mauriciodiassilva@hotmail.com',1,1,'2024-03-15 17:50:29.025021','');
CREATE TABLE IF NOT EXISTS "django_session" ("session_key" varchar(40) NOT NULL PRIMARY KEY, "session_data" text NOT NULL, "expire_date" datetime NOT NULL);
INSERT INTO django_session VALUES('gaa7ux7ukhtyahrgfsgix6idhk8d3mie','.eJxVjMsOwiAQRf-FtSFAeYwu3fsNZAYGqRqalHZl_HfbpAvd3nPOfYuI61Lj2nmOYxYXocXpdyNMT247yA9s90mmqS3zSHJX5EG7vE2ZX9fD_Tuo2OtWK2f4TIMBM5CzrgCRT1YFLhrAquy8hhCyKgBGe8YAFpPakhQyFibx-QLEyDfe:1rlDgm:Zw4T2Fnl01D5XfQATA8tL5anyL917RREqqUeGg-tzbU','2024-03-29 19:58:00.831531');
INSERT INTO django_session VALUES('94ssfw6jv7ytszbucx4y0996uyyoskem','.eJxVjLsOAiEURP-F2hC4yMvS3m8gXLjIqoFk2a2M_-5usoUW08w5M28W4rrUsA6aw5TZhUl2-u0wpie1HeRHbPfOU2_LPCHfFX7QwW890-t6uH8HNY66rW3JToKXdHZSRI0KhdXKWNTKE7hkrUEQAjQWb0QpQKoooggIWyizzxfD5zfH:1rpFnY:8QQjvGumNtfiM2GFeXf_82utZllik0c9zm82_QaDgIo','2024-04-09 23:01:40.719676');
INSERT INTO django_session VALUES('97z3w6v1q0hkf6mum27am0mfd07rwa6q','.eJxVjLsOAiEURP-F2hC4yMvS3m8gXLjIqoFk2a2M_-5usoUW08w5M28W4rrUsA6aw5TZhUl2-u0wpie1HeRHbPfOU2_LPCHfFX7QwW890-t6uH8HNY66rW3JToKXdHZSRI0KhdXKWNTKE7hkrUEQAjQWb0QpQKoooggIWyizzxfD5zfH:1rq014:n6tcDftZV-_4sZt8IspcSeQ6BDOmWUjH0q8KlhMY1aU','2024-04-12 00:22:42.721857');
INSERT INTO django_session VALUES('rro0xn036mdg74z3c2jgddhptitf6qk7','.eJxVjMsOwiAQRf-FtSEzPARcuu83kGEgUjWQlHZl_Hdt0oVu7znnvkSkba1xG2WJcxYXgeL0uyXiR2k7yHdqty65t3WZk9wVedAhp57L83q4fweVRv3WDMqDVYZQJ3YM3p-zBhOQk7OAzjBalTwCIRpLTIYNKkikQ0DHXrw_rxc2gQ:1rrkLT:u7hAVxIZOcykvuTEA3AblbF9kN_5YgqW4VF3P5Kn7G4','2024-04-16 20:02:59.430996');
INSERT INTO django_session VALUES('nwtkoz0n94xyvp3amlg92xx10br3v30i','.eJxVjMsOwiAQRf-FtSEzPARcuu83kGEgUjWQlHZl_Hdt0oVu7znnvkSkba1xG2WJcxYXgeL0uyXiR2k7yHdqty65t3WZk9wVedAhp57L83q4fweVRv3WDMqDVYZQJ3YM3p-zBhOQk7OAzjBalTwCIRpLTIYNKkikQ0DHXrw_rxc2gQ:1ru1zz:PGpyGGSKypcImladqUHqeTiWwsgphIKMcbSPz6BowB0','2024-04-23 03:18:15.229497');
INSERT INTO django_session VALUES('bh3fdwpgyqi5dty5or74h7e1cj7qv846','.eJxVjMsOwiAQRf-FtSEzPARcuu83kGEgUjWQlHZl_Hdt0oVu7znnvkSkba1xG2WJcxYXgeL0uyXiR2k7yHdqty65t3WZk9wVedAhp57L83q4fweVRv3WDMqDVYZQJ3YM3p-zBhOQk7OAzjBalTwCIRpLTIYNKkikQ0DHXrw_rxc2gQ:1ryJuC:yF_EoFmjPJqr3K9Ir-I5md1Oxg8v46NgRGDLSbPuJDY','2024-05-04 23:14:00.204507');
INSERT INTO django_session VALUES('t6w1i6m2tyzbymg3l7jlc6s1rzn4txwh','.eJxVjMsOwiAQRf-FtSG8EZfu-w1khgGpGkhKuzL-uzbpQrf3nHNfLMK21riNvMSZ2IVJdvrdENIjtx3QHdqt89TbuszId4UfdPCpU35eD_fvoMKo39oWqygk40AL5X3RRkGQaIWxRukQ0DktvfOCSIOVyjiDcMaEBYLwpNj7A7F8Ntk:1s2eCD:fDhUJOJNoIAVRahvc2CMsYXbBzjCqIQzFsolqOp0R2M','2024-05-16 21:42:29.775943');
INSERT INTO django_session VALUES('z6grp5ykz1tfld71g4xorjdwc9roc3tf','.eJxVjMsOwiAQRf-FtSG8EZfu-w1khgGpGkhKuzL-uzbpQrf3nHNfLMK21riNvMSZ2IVJdvrdENIjtx3QHdqt89TbuszId4UfdPCpU35eD_fvoMKo39oWqygk40AL5X3RRkGQaIWxRukQ0DktvfOCSIOVyjiDcMaEBYLwpNj7A7F8Ntk:1s4U7D:CuQdmVBxo4Ng5cExqH_tfXqSDwoJwL-aOGDKcYiHgHc','2024-05-21 23:20:55.357240');
INSERT INTO django_session VALUES('17mgjwmulzntbewk2zaaylyqrpn6yqqc','.eJxVjDsOwjAUBO_iGln-vQRT0ucM1tp-IQFkS3FSIe4OkVJAuzOzLxGwrVPYGi9hzuIitDj9bhHpwWUH-Y5yqzLVsi5zlLsiD9rkUDM_r4f7dzChTd9auTMb6qjjniwhRU_ZIFnD6A2NsVesVI5xRGY4n1yCVh4dtB0Bb8X7A-q6OKU:1s7Ffl:RnU3gC_p0qGAZoRpv6QnKwr04t6I0YX03DwAP_OHyZ4','2024-05-29 14:32:01.174839');
INSERT INTO django_session VALUES('imvifpo99ntuvf3tpsknsawswohi21j6','.eJxVjDsOwjAUBO_iGln-vQRT0ucM1tp-IQFkS3FSIe4OkVJAuzOzLxGwrVPYGi9hzuIitDj9bhHpwWUH-Y5yqzLVsi5zlLsiD9rkUDM_r4f7dzChTd9auTMb6qjjniwhRU_ZIFnD6A2NsVesVI5xRGY4n1yCVh4dtB0Bb8X7A-q6OKU:1s7Ffp:wdRzM_x8V0N59SW0OBsVjBmCzhvlC-DaVTjDSX08hTo','2024-05-29 14:32:05.250717');
INSERT INTO django_session VALUES('ppjy0misd4d6aldabswbxkkn67xns311','.eJxVjDsOwjAUBO_iGln-vQRT0ucM1tp-IQFkS3FSIe4OkVJAuzOzLxGwrVPYGi9hzuIitDj9bhHpwWUH-Y5yqzLVsi5zlLsiD9rkUDM_r4f7dzChTd9auTMb6qjjniwhRU_ZIFnD6A2NsVesVI5xRGY4n1yCVh4dtB0Bb8X7A-q6OKU:1s7Ffp:wdRzM_x8V0N59SW0OBsVjBmCzhvlC-DaVTjDSX08hTo','2024-05-29 14:32:05.620747');
INSERT INTO django_session VALUES('r5g4rv4do1fgwro0s1mq9fs09lf9mahx','.eJxVjDsOwjAUBO_iGln-vQRT0ucM1tp-IQFkS3FSIe4OkVJAuzOzLxGwrVPYGi9hzuIitDj9bhHpwWUH-Y5yqzLVsi5zlLsiD9rkUDM_r4f7dzChTd9auTMb6qjjniwhRU_ZIFnD6A2NsVesVI5xRGY4n1yCVh4dtB0Bb8X7A-q6OKU:1s7Ffp:wdRzM_x8V0N59SW0OBsVjBmCzhvlC-DaVTjDSX08hTo','2024-05-29 14:32:05.871645');
INSERT INTO django_session VALUES('kub6ts632gmll4b2njkkwldg7vw8x2bn','.eJxVjDsOwjAQBe_iGlnrv0NJzxmstXeDA8iR4qRC3B0ipYD2zcx7iYTbWtPWeUkTibNQ4vS7ZSwPbjugO7bbLMvc1mXKclfkQbu8zsTPy-H-HVTs9VsbH4dgYIyKirGMmSE6HUdLXjsGa9kD6WxCBEs8kAcHFMiztlmhQ_H-AMpHN24:1s7Ffr:KZ77wLAwLogzus8-cyMaUqTpvjmQZBfS85LvyFW7gGI','2024-05-29 14:32:07.388410');
INSERT INTO django_session VALUES('yl4j4xb4u24la8av51703j6krf5bzcs9','.eJxVjDsOwjAQBe_iGllZf2NKes5grXdtHECOFCcV4u4QKQW0b2beS0Tc1hq3npc4sTgLEKffLSE9ctsB37HdZklzW5cpyV2RB-3yOnN-Xg7376Bir986YCmetGIYy5AHy4mTCg68V2jcqC1BMZrI5uDZB4cWUBuGoAtQwiLeH-4BODY:1sAbed:UL-E3qF55GlLdqWKb0stWB2Vw2qEUYbunCFohwqFkMM','2024-06-07 20:36:43.405394');
INSERT INTO django_session VALUES('pm45r6tkzfzrq1f5si7pggw0n5c4tkr9','.eJxVjDsOwjAQBe_iGllZf2NKes5grXdtHECOFCcV4u4QKQW0b2beS0Tc1hq3npc4sTgLEKffLSE9ctsB37HdZklzW5cpyV2RB-3yOnN-Xg7376Bir986YCmetGIYy5AHy4mTCg68V2jcqC1BMZrI5uDZB4cWUBuGoAtQwiLeH-4BODY:1sB4UI:oxYFQU2KvJ7nbEOvEYEeBUKE3OyUZpQWYdLMTOfDgoA','2024-06-09 03:23:58.216266');
CREATE TABLE IF NOT EXISTS "siteweb_criancaespecial" ("id" integer NOT NULL PRIMARY KEY AUTOINCREMENT, "nome" varchar(100) NOT NULL, "idade" integer unsigned NOT NULL CHECK ("idade" >= 0), "descricao" text NOT NULL, "endere├ºo" varchar(200) NOT NULL, "responsavel" varchar(100) NOT NULL, "telefone" varchar(80) NOT NULL, "email" varchar(200) NOT NULL);
CREATE TABLE IF NOT EXISTS "siteweb_valorimage" ("id" integer NOT NULL PRIMARY KEY AUTOINCREMENT, "imagem" varchar(100) NOT NULL);
INSERT INTO siteweb_valorimage VALUES(1,'static/imagens/pessoas-empilhando-as-maos-juntas-no-parque_53876-63293_ezUa5pp.jpg');
INSERT INTO siteweb_valorimage VALUES(2,'static/imagens/pessoas-com-deficiencia-no-mercado-de-trabalho.jpg');
INSERT INTO siteweb_valorimage VALUES(3,'static/imagens/meiom_ambiente_inclus├úo.jpg');
INSERT INTO siteweb_valorimage VALUES(4,'static/imagens/projeto_de_lacres_CphO2i1.jpg');
INSERT INTO siteweb_valorimage VALUES(5,'static/imagens/imagem1_Ycnir9c.jpeg');
CREATE TABLE IF NOT EXISTS "siteweb_missao" ("id" integer NOT NULL PRIMARY KEY AUTOINCREMENT, "titulo" varchar(200) NOT NULL, "texto" text NOT NULL, "imagem" varchar(100) NOT NULL);
INSERT INTO siteweb_missao VALUES(1,'Potencial Ilimitado: Nossa Miss├úo de Apoio ├ás Crian├ºas Especiais','N├│s da Associa├º├úo Projeto Oficina, acreditamos que cada crian├ºa ├® um universo ├║nico de possibilidades. Nossa miss├úo ├® fornecer um ambiente seguro, acolhedor e enriquecedor para crian├ºas especiais, onde elas possam aprender, crescer e alcan├ºar seu potencial m├íximo. Estamos comprometidos em nutrir suas habilidades, celebrar suas individualidades e capacitar cada crian├ºa a brilhar ├á sua maneira.','static/imagens/foto1-missao_VnKCBu8.jpg');
INSERT INTO siteweb_missao VALUES(2,'Transformando Vidas: Nossa Dedica├º├úo ├ás Crian├ºas Especiais e suas Fam├¡lias','N├│s nos dedicamos  a transformar vidas e fortalecer comunidades, apoiando crian├ºas especiais e suas fam├¡lias. Nossa miss├úo ├® garantir que todas as crian├ºas tenham a oportunidade de experimentar a alegria da inf├óncia e o prazer da aprendizagem. Atrav├®s de nossos programas e servi├ºos, nos esfor├ºamos para abrir portas para um futuro cheio de esperan├ºa, sucesso e inclus├úo.','static/imagens/foto2-missao_6koe9do.jpg');
INSERT INTO siteweb_missao VALUES(4,'Potencial Ilimitado: Nossa Miss├úo de Apoio ├ás Crian├ºas Especiais','sasasasasasas','static/imagens/grupo-de-conservacao-ambiental-pessoas-maos-plantar-em-vista-aerea_53876-_1jODN9D.jpg');
CREATE TABLE IF NOT EXISTS "siteweb_contato" ("id" integer NOT NULL PRIMARY KEY AUTOINCREMENT, "nome" varchar(200) NOT NULL, "email" varchar(254) NOT NULL, "telefone" varchar(20) NOT NULL, "Observacoes" text NOT NULL);
INSERT INTO siteweb_contato VALUES(1,'Mauricio Dias da Silva','2204111@aluno.univesp.br','11989079090','gostaria de informa├º├Áes sobre a ong');
INSERT INTO siteweb_contato VALUES(2,'Maria','2204111@aluno.univesp.br','11989079090','Sem observa├º├Áes');
INSERT INTO siteweb_contato VALUES(3,'Mauricio Dias da Silva','mauriciodiassilva@hotmail.com','11989079090','Sem observa├º├Áes');
INSERT INTO siteweb_contato VALUES(4,'Mauricio Dias da Silva','2204111@aluno.univesp.br','11989079090','ola');
INSERT INTO siteweb_contato VALUES(5,'Mauricio Dias da Silva','2204111@aluno.univesp.br','11989079090','quero saber informa├º├Áes sobre o projeto');
INSERT INTO siteweb_contato VALUES(6,'Mauricio Dias da Silva','mauriciodiassilva@hotmail.com','11989079090','Sem observa├º├Áes');
DELETE FROM sqlite_sequence;
INSERT INTO sqlite_sequence VALUES('django_migrations',26);
INSERT INTO sqlite_sequence VALUES('django_admin_log',48);
INSERT INTO sqlite_sequence VALUES('django_content_type',10);
INSERT INTO sqlite_sequence VALUES('auth_permission',40);
INSERT INTO sqlite_sequence VALUES('auth_group',0);
INSERT INTO sqlite_sequence VALUES('auth_user',6);
INSERT INTO sqlite_sequence VALUES('siteweb_criancaespecial',3);
INSERT INTO sqlite_sequence VALUES('siteweb_missao',4);
INSERT INTO sqlite_sequence VALUES('siteweb_valorimage',5);
INSERT INTO sqlite_sequence VALUES('siteweb_contato',6);
CREATE UNIQUE INDEX "auth_group_permissions_group_id_permission_id_0cd325b0_uniq" ON "auth_group_permissions" ("group_id", "permission_id");
CREATE INDEX "auth_group_permissions_group_id_b120cbf9" ON "auth_group_permissions" ("group_id");
CREATE INDEX "auth_group_permissions_permission_id_84c5c92e" ON "auth_group_permissions" ("permission_id");
CREATE UNIQUE INDEX "auth_user_groups_user_id_group_id_94350c0c_uniq" ON "auth_user_groups" ("user_id", "group_id");
CREATE INDEX "auth_user_groups_user_id_6a12ed8b" ON "auth_user_groups" ("user_id");
CREATE INDEX "auth_user_groups_group_id_97559544" ON "auth_user_groups" ("group_id");
CREATE UNIQUE INDEX "auth_user_user_permissions_user_id_permission_id_14a6b632_uniq" ON "auth_user_user_permissions" ("user_id", "permission_id");
CREATE INDEX "auth_user_user_permissions_user_id_a95ead1b" ON "auth_user_user_permissions" ("user_id");
CREATE INDEX "auth_user_user_permissions_permission_id_1fbb5f2c" ON "auth_user_user_permissions" ("permission_id");
CREATE INDEX "django_admin_log_content_type_id_c4bce8eb" ON "django_admin_log" ("content_type_id");
CREATE INDEX "django_admin_log_user_id_c564eba6" ON "django_admin_log" ("user_id");
CREATE UNIQUE INDEX "django_content_type_app_label_model_76bd3d3b_uniq" ON "django_content_type" ("app_label", "model");
CREATE UNIQUE INDEX "auth_permission_content_type_id_codename_01ab375a_uniq" ON "auth_permission" ("content_type_id", "codename");
CREATE INDEX "auth_permission_content_type_id_2f476e4b" ON "auth_permission" ("content_type_id");
CREATE INDEX "django_session_expire_date_a5c62663" ON "django_session" ("expire_date");
COMMIT;
